<?xml version="1.0" encoding="UTF-8"?>
<project-private xmlns="http://www.netbeans.org/ns/project-private/1">
    <editor-bookmarks xmlns="http://www.netbeans.org/ns/editor-bookmarks/2" lastBookmarkId="0"/>
    <open-files xmlns="http://www.netbeans.org/ns/projectui-open-files/2">
        <group>
            <file>file:/C:/Users/TOSHIBA/Documents/NetBeansProjects/prolab3/src/prolab3/proje.java</file>
            <file>file:/C:/Users/TOSHIBA/Documents/NetBeansProjects/prolab3/src/prolab3/sarkılar.java</file>
            <file>file:/C:/Users/TOSHIBA/Documents/NetBeansProjects/prolab3/src/prolab3/Prolab3.java</file>
            <file>file:/C:/Users/TOSHIBA/Documents/NetBeansProjects/prolab3/src/prolab3/kullanici.java</file>
            <file>file:/C:/Users/TOSHIBA/Documents/NetBeansProjects/prolab3/src/prolab3/baglanti.java</file>
        </group>
    </open-files>
</project-private>
